{
  "name": "BluePolyline",
  "vertices": [
    {
      "id": 0,
      "x": -0.6572080254555,
      "y": 1.240900039673,
      "z": 2.931509971619,
      "visibility_grid": [
        0.003620710435335331,
        0.0022418289601951595,
        0.004418213908512032,
        0.011599483904036948,
        0.0120371164825828,
        0.010904380771515275,
        0.008086855756305649,
        0.006345437805225905,
        0.00039513816303873243,
        0.0007154194362452392,
        0.006504052727244393,
        Infinity,
        Infinity,
        0.02388739472026419,
        0.010404220802152975,
        0.0062106838952636755,
        0.00021928084913551196,
        0.0004305283692484621,
        0.007660446400903039,
        Infinity,
        Infinity,
        0.36743500733536844,
        0.012799144231161736,
        0.009430668212475521,
        0.00018030108764132454,
        0.00037463041066415485,
        Infinity,
        Infinity,
        Infinity,
        0.42933184947983793,
        0.023569865375250642,
        0.007409511575745592,
        0.00020362562341494047,
        0.000447532264930904,
        Infinity,
        Infinity,
        Infinity,
        0.7554804334494648,
        0.02681993558195369,
        0.009084552034050484,
        0.0003304037587019138,
        0.0007855614450216514,
        Infinity,
        Infinity,
        Infinity,
        1.8121885894446546,
        0.7408890373047914,
        0.018054164082128746,
        0.001003010487985166,
        Infinity,
        Infinity,
        Infinity,
        Infinity,
        Infinity,
        3.09207195570546,
        0.03934821035219344,
        Infinity,
        Infinity,
        Infinity,
        Infinity,
        Infinity,
        Infinity,
        Infinity,
        Infinity
      ]
    },
    {
      "id": 1,
      "x": -0.6939949989319,
      "y": 1.198469996452,
      "z": 3.038789987564,
      "visibility_grid": [
        0.000342615876554686,
        0.0005079534197780074,
        0.0009575017798845399,
        0.0016094035122883384,
        0.0015432985745497047,
        0.0007637795349417242,
        0.0004297755501457006,
        0.0003231688134816973,
        0.00018613533058401213,
        0.0004767083407977642,
        0.007873297422152148,
        Infinity,
        Infinity,
        0.00653020746593948,
        0.00030981452768003015,
        0.00016496415965795494,
        0.0001508851103334576,
        0.0006169813388027861,
        0.00720154018193442,
        Infinity,
        Infinity,
        0.19329454660613632,
        0.00031061205285882825,
        0.00012844087618579803,
        0.00016809949233171539,
        0.001223559282192247,
        Infinity,
        Infinity,
        Infinity,
        0.3072293770448154,
        0.0005130146367856221,
        0.00013781917734916643,
        0.0002678161029916374,
        0.0028613395079224164,
        Infinity,
        Infinity,
        Infinity,
        0.5189774477186455,
        0.01092600319978164,
        0.00020907928955297606,
        0.016796552181459135,
        0.009556736948240926,
        Infinity,
        Infinity,
        Infinity,
        2.0727513325207174,
        0.6042543789259486,
        0.02232573897631456,
        0.03445990116248551,
        Infinity,
        Infinity,
        Infinity,
        Infinity,
        Infinity,
        2.810260836620852,
        0.04410186156403589,
        Infinity,
        Infinity,
        Infinity,
        Infinity,
        Infinity,
        Infinity,
        Infinity,
        Infinity
      ]
    },
    {
      "id": 2,
      "x": -0.6402289867401,
      "y": 1.131819963455,
      "z": 2.981800079346,
      "visibility_grid": [
        4.11422816365565e-06,
        5.238221146483319e-06,
        5.893238866631159e-06,
        5.341960160214233e-06,
        4.216733181961746e-06,
        3.390757049276057e-06,
        3.098913069742908e-06,
        3.338139846156039e-06,
        5.5629248036399935e-06,
        1.4318773314912649e-05,
        2.6822676069070195e-05,
        1.5730961780248017e-05,
        6.042403398593736e-06,
        3.11572548505675e-06,
        2.458963463137242e-06,
        2.9863574674143646e-06,
        1.1857197467169235e-05,
        0.00043177409488115534,
        0.007720588616545337,
        Infinity,
        Infinity,
        3.940823337649632e-06,
        2.6850281674575036e-06,
        3.6712052168306403e-06,
        0.00010070432053812091,
        0.007877847230556562,
        Infinity,
        Infinity,
        Infinity,
        0.23420924853513808,
        4.166120186093635e-06,
        6.722155230459403e-06,
        0.004096401149734372,
        0.014703733293777922,
        Infinity,
        Infinity,
        Infinity,
        0.40831944072329024,
        1.1491126444637491e-05,
        2.8436458086549467e-05,
        0.006905938891317738,
        0.020059252712530323,
        Infinity,
        Infinity,
        Infinity,
        1.7295055487949251,
        0.46278910118454963,
        0.003823370053158078,
        0.01257132362953737,
        Infinity,
        Infinity,
        Infinity,
        Infinity,
        Infinity,
        2.4060609991311566,
        0.010143031248960266,
        Infinity,
        Infinity,
        Infinity,
        Infinity,
        Infinity,
        Infinity,
        Infinity,
        Infinity
      ]
    },
    {
      "id": 3,
      "x": -0.5913980007172,
      "y": 1.158139944077,
      "z": 2.861429929733,
      "visibility_grid": [
        0.0055201998856094885,
        0.011978339806689015,
        0.019136438835359714,
        0.021220324154456374,
        0.01678869433719436,
        0.015343874855165572,
        0.009768188004733214,
        0.007277629580365852,
        0.00017914996222162928,
        0.004798608084764891,
        0.025110107242930058,
        Infinity,
        1.6078087700348827,
        0.019025209494813018,
        0.0014180919000425312,
        0.0001538363088354986,
        5.868793173840407e-05,
        0.008477080890236225,
        0.011596992645754523,
        Infinity,
        Infinity,
        0.29071890998812067,
        0.0002999544258918429,
        5.147242547498092e-05,
        3.6078935395165014e-05,
        0.00033980169969594884,
        0.009078245157206363,
        Infinity,
        Infinity,
        0.32534972010634394,
        0.00015386941314943635,
        3.194718809860755e-05,
        3.188752502687929e-05,
        0.00022943178957730495,
        Infinity,
        Infinity,
        Infinity,
        0.5401038247731519,
        0.00012017546474033647,
        2.8436347682664946e-05,
        3.870748783488664e-05,
        0.0002256356387879891,
        Infinity,
        Infinity,
        Infinity,
        1.4827388907899954,
        0.00012931766257286744,
        3.477311470765858e-05,
        6.955344936863969e-05,
        0.0003078879416717513,
        Infinity,
        Infinity,
        Infinity,
        Infinity,
        0.0001968966260690724,
        6.316964744152475e-05,
        0.0002702917226057913,
        Infinity,
        Infinity,
        Infinity,
        Infinity,
        Infinity,
        Infinity,
        0.0002527418627898003
      ]
    },
    {
      "id": 4,
      "x": -0.6572080254555,
      "y": 1.240900039673,
      "z": 2.931509971619,