{
  "name": "RedPolyline",
  "vertices": [
    {
      "id": 0,
      "x": 1.359150052071,
      "y": -0.409471988678,
      "z": 1.373669981956,
      "visibility_grid": [
        0.00015278864085048536,
        0.0001336718397010564,
        0.00014715621352606473,
        0.00019779212832659774,
        0.0002859309967126217,
        0.00034876680113709056,
        0.0003013594066639315,
        0.0002104347194065136,
        0.0001225092472291411,
        8.854594375233427e-05,
        0.00011147108555742364,
        0.000256424363227589,
        0.00644894451479894,
        0.0020985462268846133,
        0.0013472465946254217,
        0.00031580816830218566,
        0.00013508541082304346,
        8.283912075057157e-05,
        0.00011668250081367283,
        0.0005098996212457808,
        0.16803533662137635,
        0.004496795842233335,
        0.0022827976535361692,
        0.0008144223920621905,
        0.00021229766514808295,
        0.00010684546653678387,
        0.0001715797167137676,
        0.5052930205191879,
        Infinity,
        Infinity,
        Infinity,
        0.0032334946501061473,
        0.0006014221738612675,
        0.00021072374787843652,
        0.0004253523602858103,
        Infinity,
        Infinity,
        Infinity,
        Infinity,
        0.08537492416197479,
        Infinity,
        Infinity,
        Infinity,
        Infinity,
        Infinity,
        Infinity,
        Infinity,
        Infinity,
        Infinity,
        Infinity,
        Infinity,
        Infinity,
        0.5078622091196163,
        Infinity,
        Infinity,
        0.402472981336215,
        Infinity,
        Infinity,
        Infinity,
        Infinity,
        0.9811178859534992,
        0.58559575021253,
        Infinity,
        Infinity
      ]
    },
    {
      "id": 1,
      "x": 1.052219986916,
      "y": -0.01273890025914,
      "z": 1.117300033569,
      "visibility_grid": [
        2.2214477417809097e-05,
        1.613923951651368e-05,
        1.7489695559832118e-05,
        3.037146381808376e-05,
        8.681061664465372e-05,
        0.00024483483091016514,
        0.00017028773786438537,
        5.247734710572785e-05,
        1.4841030296439716e-05,
        8.888714637368281e-06,
        1.0575949978212976e-05,
        2.7075743788138618e-05,
        0.0025592496758051354,
        0.0012027753186852248,
        0.0003825334793782752,
        0.0001845263206741513,
        1.5099317105085943e-05,
        7.271388215379201e-06,
        9.235079088362062e-06,
        4.083911772398331e-05,
        0.35878145300911,
        0.33221004043792657,
        0.0008688275428974266,
        0.00021919842856740014,
        2.144545317084773e-05,
        8.171808437959753e-06,
        1.1071701985292923e-05,
        0.0001063719714947457,
        0.932918245935965,
        0.2466420233375872,
        Infinity,
        0.000413311511329763,
        4.9834413874256506e-05,
        1.3171986744034617e-05,
        1.9535438795950257e-05,
        0.0019449226128937776,
        0.9568529593406437,
        0.2969312259206827,
        Infinity,
        1.568140214306719,
        Infinity,
        3.940533511729686e-05,
        7.240399770686545e-05,
        Infinity,
        Infinity,
        0.5158221980648842,
        Infinity,
        Infinity,
        Infinity,
        Infinity,
        Infinity,
        Infinity,
        Infinity,
        Infinity,
        Infinity,
        Infinity,
        Infinity,
        Infinity,
        Infinity,
        Infinity,
        Infinity,
        Infinity,
        Infinity,
        Infinity
      ]
    },
    {
      "id": 2,
      "x": 0.779443,
      "y": 0.124142,
      "z": 1.194797,
      "visibility_grid": [
        1.5743079896110924e-12,
        1.873750062363319e-12,
        2.3822979362809083e-12,
        4.1410982994979176e-11,
        9.178461546112985e-11,
        1.1144315162338184e-10,
        5.7310882247160286e-11,
        2.656351709602273e-11,
        1.3400221923893528e-12,
        2.197282852023463e-12,
        1.351882482259715e-12,
        1.2066681873081794e-11,
        0.18581184664339004,
        0.14623888855751735,
        1.1459344980002538e-09,
        2.316367196162824e-11,
        2.0550710084445595e-13,
        3.755949376136977e-12,
        3.729853702401622e-11,
        0.02995099259454307,
        0.25364120186000555,
        0.21864029823476624,
        0.44480774100669107,
        3.321668198416055e-12,
        3.4548243049321097e-13,
        1.6756982643356297e-12,
        0.38583410197841106,
        Infinity,
        0.4701401917034454,
        0.2922839183034886,
        Infinity,
        9.82337462226443e-12,
        1.1372127187819483e-12,
        1.2581271346447335e-08,
        Infinity,
        Infinity,
        3.4548243049321087e-13,
        0.4418027724561338,
        0.4905145115203215,
        5.990011237398915e-10,
        1.0155019777437358e-09,
        Infinity,
        Infinity,
        Infinity,
        2.05507100844456e-13,
        Infinity,
        0.7624212924556422,
        Infinity,
        Infinity,
        Infinity,
        Infinity,
        Infinity,
        Infinity,
        Infinity,
        Infinity,
        Infinity,
        Infinity,
        Infinity,
        Infinity,
        Infinity,
        Infinity,
        Infinity,
        Infinity,
        Infinity
      ]
    },
    {
      "id": 3,
      "x": 0.497258,
      "y": 0.189861,
      "z": 1.46525,
      "visibility_grid": [
        1.1123758915325897e-11,
        6.826912831147976,
        11.663776194993774,
        10.685487619156609,
        1.577780010037735e-11,
        1.3339273518346166e-11,
        6.285440387913114,
        6.996597030211595,
        5.401437128597385e-12,
        5.8704847368537285e-12,
        1.1274281345366779e-11,
        7.8010321202980775,
        1.7140872681844104e-11,
        2.2093559299882276e-11,
        5.986068435803959e-11,
        2.096233321862402e-11,
        4.0776944412022095e-12,
        4.292747363020175e-12,
        1.0435709368462647e-11,
        2.3309874979860025e-10,
        2.6420880164916464e-11,
        3.308718148654227e-11,
        1.1155999164940725e-09,
        3.151128458217277e-11,
        4.255434907612478e-12,
        4.3567118867458825e-12,
        1.3303958377925158e-11,
        0.016618345179424905,
        7.189084696117592e-11,
        8.49757473937905e-11,
        0.03566369394497072,
        8.15289171953945e-11,
        8.191547126166811e-12,
        6.169537092713699e-12,
        2.5758808568000674e-11,
        Infinity,
        1.829733680104178e-09,
        1.4135157667501228e-09,
        0.3318325614557565,
        1.4242885143576409e-09,
        2.071589980770849e-11,
        1.4259968397168337e-11,
        1.237192015602758e-10,
        Infinity,
        Infinity,
        0.5903972198783947,
        0.6247472197210956,
        Infinity,
        3.1243692430285033e-10,
        1.3299608279264653e-10,
        0.012764598628180074,
        Infinity,
        Infinity,
        Infinity,
        Infinity,
        Infinity,
        Infinity,
        Infinity,
        Infinity,
        Infinity,
        Infinity,
        Infinity,
        Infinity,
        Infinity
      ]
    },
    {
      "id": 4,
      "x": 0.5874119997025,
      "y": 0.04343109950423,
      "z": 1.556470036507,