{
  "name": "BluePolyline",
  "vertices": [
    {
      "id": 0,
      "x": -0.6572080254555,
      "y": 1.240900039673,
      "z": 2.931509971619,
      "visibility_grid": [
        1.6021438867303224e-06,
        2.0812455781690564e-06,
        3.848182816176823e-06,
        8.291974822435219e-06,
        1.673562080083281e-05,
        1.293397797782254e-05,
        4.233770901865809e-06,
        1.8083237648837604e-06,
        7.445321525817452e-07,
        1.282379307173963e-06,
        7.682573096280463e-06,
        Infinity,
        Infinity,
        0.01343633299104943,
        1.8467792284054336e-05,
        1.0531650490226514e-06,
        5.47569993945392e-07,
        1.135305615166921e-06,
        4.06350809989898e-05,
        Infinity,
        Infinity,
        0.3647134004421304,
        0.012165227456734543,
        9.00065926817425e-07,
        5.584935139238351e-07,
        1.380520585409198e-06,
        Infinity,
        Infinity,
        Infinity,
        0.44388662401396295,
        0.023752914762575964,
        1.055823115149934e-06,
        7.956139743602691e-07,
        2.487048201334105e-06,
        Infinity,
        Infinity,
        Infinity,
        0.6425319507940255,
        0.02607689817081338,
        1.8056217454193138e-06,
        1.858980454804249e-06,
        9.73102470841568e-06,
        Infinity,
        Infinity,
        Infinity,
        1.8121768493660344,
        0.7538055641376202,
        6.191432515994698e-06,
        1.8246821813107736e-05,
        Infinity,
        Infinity,
        Infinity,
        Infinity,
        Infinity,
        3.06455317353795,
        0.04388680843067205,
        Infinity,
        Infinity,
        Infinity,
        Infinity,
        Infinity,
        Infinity,
        Infinity,
        Infinity
      ]
    },
    {
      "id": 1,
      "x": -0.6939949989319,
      "y": 1.198469996452,
      "z": 3.038789987564,
      "visibility_grid": [
        9.577169587028555e-07,
        1.367516401477748e-06,
        2.2026148470306427e-06,
        2.9314820791245538e-06,
        2.4530509150669243e-06,
        1.5435254585551894e-06,
        1.0420523132113371e-06,
        8.633123120032813e-07,
        6.403805805507054e-07,
        1.6653730618571704e-06,
        0.008784240685441551,
        Infinity,
        Infinity,
        2.890179196111757e-06,
        8.482729501631795e-07,
        5.325062075365765e-07,
        6.035652131280978e-07,
        3.0068665422433546e-06,
        0.007506769339515461,
        Infinity,
        Infinity,
        0.18761682998223814,
        9.488485341822389e-07,
        4.739525271049603e-07,
        7.848649004347443e-07,
        1.1898234283445202e-05,
        Infinity,
        Infinity,
        Infinity,
        0.30258508980357907,
        1.5198210314887842e-06,
        5.795251277062945e-07,
        1.5683558032706645e-06,
        0.0021635563322906664,
        Infinity,
        Infinity,
        Infinity,
        0.531339736264559,
        4.484508294950935e-06,
        1.0526619332635318e-06,
        8.395976127078342e-06,
        0.012533132103607986,
        Infinity,
        Infinity,
        Infinity,
        2.0758775966026373,
        0.00026533843311293885,
        4.210441899768442e-06,
        0.06122518955613429,
        Infinity,
        Infinity,
        Infinity,
        Infinity,
        Infinity,
        2.794745129490643,
        0.043226359058702556,
        Infinity,
        Infinity,
        Infinity,
        Infinity,
        Infinity,
        Infinity,
        Infinity,
        Infinity
      ]
    },
    {
      "id": 2,
      "x": -0.6402289867401,
      "y": 1.131819963455,
      "z": 2.981800079346,
      "visibility_grid": [
        0.6615803925164072,
        0.7185844847540983,
        0.7601369234620774,
        0.7742489900380354,
        0.7421040301402112,
        0.6973223860924902,
        0.6525166887055376,
        0.637405714762997,
        1.469197032768744,
        0.9632418299378351,
        1.1801976101518732,
        6.278702596566614e-07,
        5.957766246297742e-08,
        0.891107557513898,
        3.888893212499234,
        0.7273927118136774,
        3.477073999464837,
        0.002623986953869697,
        0.000667970872263304,
        7.11466511493044e-09,
        3.858679679087915e-09,
        2.5999306066918347e-08,
        1.756677994395979,
        3.710008222108949,
        3.9216227422510146,
        2.6022340988967327e-05,
        2.791019319400614e-07,
        2.3464014937219086e-09,
        1.5200668513775218e-09,
        5.120184561719654e-09,
        Infinity,
        13.870795209721857,
        6.681386286320379e-05,
        5.477808779715281e-06,
        1.759609276477978e-08,
        1.4468347237496277e-09,
        1.0210797599525832e-09,
        2.5975306907169023e-09,
        0.0013579426595817998,
        0.0004508288165236204,
        8.913503957907278e-06,
        2.8394386882962036e-06,
        6.9021686431142975e-09,
        1.2816048946790136e-09,
        9.659030409272416e-10,
        2.014586163091995e-09,
        6.123604525892794e-08,
        0.00014415922801044525,
        4.0555905183957595e-06,
        1.5800857121974017e-07,
        4.626260031738863e-09,
        1.559309241289909e-09,
        1.2611463039449195e-09,
        2.1540300964590097e-09,
        1.1414798364535282e-08,
        9.668429033967325e-06,
        1.3749485572249813e-08,
        8.494183619163936e-09,
        4.368631079704997e-09,
        2.811517234317628e-09,
        2.5366571473696696e-09,
        3.2530568681443186e-09,
        5.692920046386581e-09,
        1.102530797034254e-08
      ]
    },
    {
      "id": 3,
      "x": -0.5913980007172,
      "y": 1.158139944077,
      "z": 2.861429929733,
      "visibility_grid": [
        0.006690704236937985,
        0.008586555885329998,
        0.018341703595344806,
        0.020829689020846004,
        0.01578972671349457,
        0.015152812401013743,
        0.012821472693194584,
        0.008561105206085742,
        0.0002608142629928725,
        0.0045043632144400984,
        0.027722174065321632,
        Infinity,
        1.5931462652175945,
        0.01876123440347576,
        0.0020079517725131767,
        0.00012055151080208012,
        5.307310037569843e-05,
        0.009516300349873257,
        0.01062260079784584,
        Infinity,
        Infinity,
        0.29386255986820464,
        0.00023271805092517367,
        3.2894387763316486e-05,
        2.4483601336230606e-05,
        0.00019938558392313554,
        0.008408006242032237,
        Infinity,
        Infinity,
        0.32171048024515486,
        0.00010162640307218032,
        1.8725445656927453e-05,
        1.7929870405412612e-05,
        0.0001569654611754461,
        Infinity,
        Infinity,
        Infinity,
        0.5357577613071659,
        7.21365461838355e-05,
        1.566680273807989e-05,
        1.8220185781877585e-05,
        0.00017014457116118313,
        Infinity,
        Infinity,
        Infinity,
        1.491569848342734,
        7.138498418016192e-05,
        1.7995053272938076e-05,
        3.2813240824638015e-05,
        0.00027987741038003404,
        Infinity,
        Infinity,
        Infinity,
        Infinity,
        0.0001624845140628695,
        2.654957860466279e-05,
        0.0002346703943418312,
        Infinity,
        Infinity,
        Infinity,
        Infinity,
        Infinity,
        Infinity,
        0.00022665758050316557
      ]
    },
    {
      "id": 4,
      "x": -0.6572080254555,
      "y": 1.240900039673,
      "z": 2.931509971619,