{
  "name": "GreenPolyline",
  "vertices": [
    {
      "id": 0,
      "x": 2.097919940948,
      "y": 0.01610359922051,
      "z": 2.190779924393,
      "visibility_grid": [
        1.3005727186793306,
        Infinity,
        Infinity,
        0.9419552433832689,
        0.01470086735937538,
        0.00807466870412925,
        0.008561396794326076,
        0.012341534491715577,
        Infinity,
        Infinity,
        Infinity,
        0.14868306591830027,
        0.0035998460951056615,
        0.0031461404898407855,
        0.004936638211760044,
        0.012103994325208919,
        0.07626546193208415,
        Infinity,
        0.08732186195976877,
        0.004475886404078241,
        0.0014947820516463314,
        0.0014951205151631595,
        0.002963356632891893,
        0.010513489844405113,
        0.03754618694026188,
        Infinity,
        0.057946539041858605,
        0.00371353309577364,
        0.0010322341847493095,
        0.001032463291827583,
        0.0035324297338218936,
        0.0229489877555898,
        Infinity,
        0.7756786948451787,
        0.026959745359094907,
        0.004230644478074463,
        0.000998483183179366,
        0.0010671782909582317,
        0.012535437022195022,
        0.049541989097411095,
        Infinity,
        0.03079148530599464,
        0.008670690564908764,
        0.004223314960824564,
        0.0015984636757596623,
        0.0020172783165616406,
        0.03543025008238835,
        0.8047508802743832,
        Infinity,
        0.008188185917048254,
        0.004906617382371872,
        0.00360387618831399,
        0.0034058998076841587,
        0.004689084850670579,
        0.008130545019005439,
        Infinity,
        0.005359917757851153,
        0.004751610501484277,
        0.004088397046777576,
        0.003684720417088927,
        0.0036635175723146052,
        0.004028967112012314,
        0.004796229421659116,
        0.005486001468383668
      ]
    },
    {
      "id": 1,
      "x": 1.971269965172,
      "y": 0.2922860085964,
      "z": 2.52504992485,
      "visibility_grid": [
        Infinity,
        Infinity,
        Infinity,
        Infinity,
        0.34672692983474385,
        0.5480765924503025,
        3.018980983769286,
        Infinity,
        Infinity,
        Infinity,
        Infinity,
        1.5696076022821512,
        0.1944352598124665,
        0.29675089782932373,
        0.3786825658605909,
        Infinity,
        Infinity,
        Infinity,
        Infinity,
        0.0007026317405276396,
        0.002075766774599933,
        0.1317286757626277,
        0.19439326583002722,
        Infinity,
        Infinity,
        Infinity,
        0.0004974232323148386,
        0.00011949508665013839,
        0.00018832391470864193,
        0.0582090666530639,
        0.1295386539634977,
        1.0292714676396182,
        Infinity,
        0.3038610060993797,
        0.00013950829154939272,
        5.7999549133086853e-05,
        7.87364371418952e-05,
        0.03536998853250309,
        0.11175458271512496,
        0.15979757581353424,
        Infinity,
        0.000622320080530924,
        8.028890612128296e-05,
        4.377428667607175e-05,
        5.4572533011705416e-05,
        0.00018504007198322762,
        0.1333517843176498,
        0.23018222906707209,
        0.0009576961337595248,
        0.00018439049751328495,
        6.768519852891241e-05,
        4.567198981747342e-05,
        5.294742616924504e-05,
        0.00010828230727474257,
        0.0004305600211161186,
        0.002109627691912875,
        0.00014997430348879574,
        0.00010812469428086159,
        7.832560567087978e-05,
        6.688992865946605e-05,
        7.113180474911527e-05,
        9.235742821994511e-05,
        0.00013141390742722148,
        0.0001645558187091503
      ]
    },
    {
      "id": 2,
      "x": 1.777729988098,
      "y": 0.6717010140419,
      "z": 2.703690052032,
      "visibility_grid": [
        2.498239472157189e-05,
        2.8052442999510168e-05,
        3.6125065990914594e-05,
        4.6961055468476864e-05,
        5.143920987997823e-05,
        4.403609806076136e-05,
        3.33655416896122e-05,
        2.6687404341149027e-05,
        1.8862058281143837e-05,
        2.5463030187885483e-05,
        5.54391659528367e-05,
        0.00017285179092713413,
        0.00030182107332217155,
        0.00012444913246771844,
        4.2435883056237334e-05,
        2.230195493479384e-05,
        1.968622471090839e-05,
        3.178597254905827e-05,
        0.00014950371104736915,
        5.400625762095974,
        5.09052379767252,
        0.000868950161450835,
        7.046773710579783e-05,
        2.5586710202782836e-05,
        2.884359717102972e-05,
        5.956923888160708e-05,
        0.003537076225888992,
        8.806283306501383,
        4.4225526439771645,
        1.8469633912094137,
        0.00013165608153132993,
        4.241988125304964e-05,
        7.101277025005705e-05,
        0.0002598542627858783,
        2.3461102140258863,
        5.860202187279014,
        9.897521731890095,
        1.8570446866969479,
        0.0005692987796975319,
        9.137738909476834e-05,
        0.000895606590840846,
        1.9721230121147477,
        3.2111542801884956,
        3.9840164771086473,
        3.8283569670923923,
        2.640441838801611,
        0.3372241034554571,
        0.0005298265612260054,
        1.4308270946590471,
        1.6830105188237758,
        2.298703986362175,
        2.6780430604731724,
        3.3957297136251263,
        2.3681154441837386,
        1.4974856396160403,
        0.8549311581051977,
        1.5070749858481387,
        1.2813994374346611,
        1.4699994387083235,
        2.281280395174691,
        2.2135292887685734,
        1.9282519894432004,
        1.559659145046153,
        1.5452397282688308
      ]
    },
    {
      "id": 3,
      "x": 1.789610028267,
      "y": 1.110649943352,
      "z": 2.692329883575,
      "visibility_grid": [
        Infinity,
        Infinity,
        Infinity,
        Infinity,
        Infinity,
        Infinity,
        Infinity,
        Infinity,
        Infinity,
        Infinity,
        Infinity,
        Infinity,
        1.0581116461586295,
        Infinity,
        Infinity,
        Infinity,
        Infinity,
        Infinity,
        Infinity,
        0.11788216189758982,
        0.07206157943589248,
        0.4367369402459593,
        1.6401970131644235,
        Infinity,
        Infinity,
        Infinity,
        0.00692511289702602,
        5.8951136918696655e-05,
        7.307038158822748e-05,
        0.06118108996088127,
        1.7533669489035468,
        Infinity,
        Infinity,
        0.003724833508168072,
        2.7214387933209553e-05,
        1.0659441419350339e-05,
        1.1645824750210893e-05,
        3.9217894820486806e-05,
        1.4053044139894673,
        Infinity,
        0.0001692236887836792,
        2.772411450899748e-05,
        8.724544531835028e-06,
        5.267572195583958e-06,
        5.550230376593793e-06,
        1.0311175942424573e-05,
        3.773722016020469e-05,
        0.00023214609283329552,
        1.4904345958498541e-05,
        8.933998224024767e-06,
        5.312115159657366e-06,
        4.0193985029122815e-06,
        4.143224864069167e-06,
        5.785549325292808e-06,
        9.987136148383889e-06,
        1.5807702487908908e-05,
        6.195804467266975e-06,
        5.452100361079126e-06,
        4.661934005655941e-06,
        4.23481407258854e-06,
        4.2811556515126836e-06,
        4.792799551934765e-06,
        5.61789233362726e-06,
        6.277955304119763e-06
      ]
    },
    {
      "id": 4,
      "x": 1.545259952545,
      "y": 1.343610048294,
      "z": 2.792229890823,