{
  "name": "GreenPolyline",
  "vertices": [
    {
      "id": 0,
      "x": 2.097919940948,
      "y": 0.01610359922051,
      "z": 2.190779924393,
      "visibility_grid": [
        1.2906453906247133,
        Infinity,
        Infinity,
        0.9349911080673295,
        0.014657981859357697,
        0.008141030007572722,
        0.008665311251664502,
        0.012447311344625494,
        Infinity,
        Infinity,
        Infinity,
        0.14862158665541214,
        0.0037362562366196773,
        0.0027993918633506176,
        0.004980445201458919,
        0.011934704039450387,
        0.07672987246347843,
        Infinity,
        0.0866899799355674,
        0.005007048318291822,
        0.0015443741142490961,
        0.0017439658993574562,
        0.0027841773818636246,
        0.010316906901973528,
        0.03429329542724112,
        Infinity,
        0.062416763405124476,
        0.003433945599595543,
        0.0011322531698766008,
        0.0010461262992745345,
        0.003732183983798291,
        0.021309377740944956,
        Infinity,
        0.770354846044535,
        0.028115737183990547,
        0.0038243120502057843,
        0.0012286387027631292,
        0.0008848501903252188,
        0.015362633343029976,
        0.05132845805937586,
        Infinity,
        0.029130226519251602,
        0.008308666891576727,
        0.004638929443124639,
        0.0018315595846652396,
        0.0020850198268695585,
        0.040663844568603016,
        0.8032393215153573,
        Infinity,
        0.007921161832024102,
        0.004875916456116117,
        0.003809475736873533,
        0.0034364531470726743,
        0.004446237333003879,
        0.008345507358896307,
        Infinity,
        0.005316609043787877,
        0.004882532389568202,
        0.004268724457557312,
        0.0038253302226795697,
        0.0037539930588057976,
        0.00407296416344176,
        0.004643641184635763,
        0.005201765112212921
      ]
    },
    {
      "id": 1,
      "x": 1.971269965172,
      "y": 0.2922860085964,
      "z": 2.52504992485,
      "visibility_grid": [
        Infinity,
        Infinity,
        Infinity,
        Infinity,
        0.3461552182506623,
        0.5482755762499094,
        2.987539324661712,
        Infinity,
        Infinity,
        Infinity,
        Infinity,
        1.5468395275496956,
        0.20909356329689838,
        0.29250431410166566,
        0.3748259018377479,
        Infinity,
        Infinity,
        Infinity,
        Infinity,
        0.0006663252121495228,
        0.0007483201062465677,
        0.13442418844303042,
        0.194182571422141,
        Infinity,
        Infinity,
        Infinity,
        0.0005330416364970063,
        4.2352049949093104e-05,
        4.7837433222674974e-05,
        0.05140547171080873,
        0.1295386539634977,
        1.0244683798117689,
        Infinity,
        0.32505760156656593,
        5.942146436192784e-05,
        1.5050026066798535e-05,
        1.6168834476326172e-05,
        6.459187132113938e-05,
        0.11175458271512496,
        0.15990782990907618,
        Infinity,
        0.00025026291057006207,
        2.2429212650601238e-05,
        9.778546846972324e-06,
        1.008200683248105e-05,
        2.2764112690138085e-05,
        0.13332038951453568,
        0.22759267654860127,
        0.00015540736906503305,
        3.8302183931160775e-05,
        1.4744130268977071e-05,
        9.017000615998685e-06,
        9.005034181595935e-06,
        1.4473906182185527e-05,
        6.164960630452544e-05,
        0.0007728361590269721,
        2.2302521371541288e-05,
        1.8054074102052047e-05,
        1.3711294526868599e-05,
        1.1448200339014065e-05,
        1.1345323299534902e-05,
        1.3389326299391536e-05,
        1.7568867415958155e-05,
        2.2023533927008863e-05
      ]
    },
    {
      "id": 2,
      "x": 1.777729988098,
      "y": 0.6717010140419,
      "z": 2.703690052032,
      "visibility_grid": [
        3.6697338561126696e-06,
        4.2276756562976685e-06,
        5.4771405592674124e-06,
        6.945981477664393e-06,
        7.272784981420686e-06,
        6.052529399050432e-06,
        4.6142318294251385e-06,
        3.7940420723578237e-06,
        2.8365755836300224e-06,
        4.128029117204901e-06,
        9.526177592115228e-06,
        2.8382081454366666e-05,
        3.7568671313228134e-05,
        1.4270770575018527e-05,
        5.336057743038554e-06,
        3.0866036367969164e-06,
        3.023625569263963e-06,
        5.586443652508286e-06,
        3.4048013164442386e-05,
        5.610046736486262,
        5.089443269545368,
        0.00014637630941422128,
        8.94449104677608e-06,
        3.4505400692497415e-06,
        4.548601444449105e-06,
        1.192493785166896e-05,
        0.00921704384494194,
        8.808281709719212,
        Infinity,
        Infinity,
        2.92418707006571e-05,
        5.522571456389933e-06,
        1.1785867884074416e-05,
        7.973549515399205e-05,
        Infinity,
        5.852458707549769,
        Infinity,
        Infinity,
        9.112261346361014e-05,
        1.6267552766747274e-05,
        0.00020794580745840007,
        1.964001202384742,
        3.2108599877759074,
        3.9740964393939446,
        3.8300356102996065,
        2.638386207239537,
        0.0003426667136732253,
        0.00013139492451283256,
        1.4354673433694978,
        1.6830760792438704,
        2.3049141749369664,
        2.675696486014533,
        3.403332683550753,
        2.3687829867213486,
        1.4883286436544547,
        0.8565659326137752,
        1.5036831104790207,
        1.2822372691232269,
        1.4643214966423783,
        2.2714066285064054,
        2.2251111727961854,
        1.9070200289425603,
        1.5697141727448012,
        1.5474512392436572
      ]
    },
    {
      "id": 3,
      "x": 1.789610028267,
      "y": 1.110649943352,
      "z": 2.692329883575,
      "visibility_grid": [
        Infinity,
        Infinity,
        Infinity,
        Infinity,
        Infinity,
        Infinity,
        Infinity,
        Infinity,
        Infinity,
        Infinity,
        Infinity,
        Infinity,
        1.0760620930928984,
        Infinity,
        Infinity,
        Infinity,
        Infinity,
        Infinity,
        Infinity,
        0.11689983711559226,
        0.07802337222692113,
        0.4492341320768473,
        1.637582181532279,
        Infinity,
        Infinity,
        Infinity,
        0.005736661863477,
        0.00035333904312215823,
        0.0004374197017098253,
        0.05839849381691311,
        1.7568239726114923,
        Infinity,
        Infinity,
        0.0033403537275928184,
        0.00015055825687109302,
        6.205918266250434e-05,
        5.165460573297243e-05,
        0.00010720881829708606,
        Infinity,
        Infinity,
        0.0001029745694884904,
        5.8069901932332615e-05,
        3.182308191216322e-05,
        2.2741630268183246e-05,
        2.2780658992007825e-05,
        3.197942514249353e-05,
        5.845578312765758e-05,
        0.00010335116714345293,
        2.672195186921545e-05,
        2.1575805672559906e-05,
        1.6517933179598276e-05,
        1.3952363372378226e-05,
        1.3964887570149122e-05,
        1.6556924080698743e-05,
        2.163402806959579e-05,
        2.6755156049238554e-05,
        1.4918687557498911e-05,
        1.4072709208295425e-05,
        1.2997906191397014e-05,
        1.231310895780966e-05,
        1.2316753397135404e-05,
        1.3007451888709844e-05,
        1.4083463302213595e-05,
        1.4923548100383338e-05
      ]
    },
    {
      "id": 4,
      "x": 1.545259952545,
      "y": 1.343610048294,
      "z": 2.792229890823,