{
  "name": "RedPolyline",
  "vertices": [
    {
      "id": 0,
      "x": 1.359150052071,
      "y": -0.409471988678,
      "z": 1.373669981956,
      "visibility_grid": [
        0.00015278864085048536,
        0.0001336718397010564,
        0.00014715621352606473,
        0.00019779212832659774,
        0.0002859309967126217,
        0.00034876680113709056,
        0.0003013594066639315,
        0.0002104347194065136,
        0.0001225092472291411,
        8.854594375233427e-05,
        0.00011147108555742364,
        0.000256424363227589,
        0.00644894451479894,
        0.0020985462268846133,
        0.0013472465946254217,
        0.00031580816830218566,
        0.00013508541082304346,
        8.283912075057157e-05,
        0.00011668250081367283,
        0.0005098996212457808,
        0.16803533662137635,
        0.004496795842233335,
        0.0022827976535361692,
        0.0008144223920621905,
        0.00021229766514808295,
        0.00010684546653678387,
        0.0001715797167137676,
        0.5052930205191879,
        Infinity,
        Infinity,
        Infinity,
        0.0032334946501061473,
        0.0006014221738612675,
        0.00021072374787843652,
        0.0004253523602858103,
        Infinity,
        Infinity,
        Infinity,
        Infinity,
        0.08537492416197479,
        Infinity,
        Infinity,
        Infinity,
        Infinity,
        Infinity,
        Infinity,
        Infinity,
        Infinity,
        Infinity,
        Infinity,
        Infinity,
        Infinity,
        0.5078622091196163,
        Infinity,
        Infinity,
        0.402472981336215,
        Infinity,
        Infinity,
        Infinity,
        Infinity,
        0.9811178859534992,
        0.58559575021253,
        Infinity,
        Infinity
      ]
    },
    {
      "id": 1,
      "x": 1.052219986916,
      "y": -0.01273890025914,
      "z": 1.117300033569,
      "visibility_grid": [
        2.2214477417809097e-05,
        1.613923951651368e-05,
        1.7489695559832118e-05,
        3.037146381808376e-05,
        8.681061664465372e-05,
        0.00024483483091016514,
        0.00017028773786438537,
        5.247734710572785e-05,
        1.4841030296439716e-05,
        8.888714637368281e-06,
        1.0575949978212976e-05,
        2.7075743788138618e-05,
        0.0025592496758051354,
        0.0012027753186852248,
        0.0003825334793782752,
        0.0001845263206741513,
        1.5099317105085943e-05,
        7.271388215379201e-06,
        9.235079088362062e-06,
        4.083911772398331e-05,
        0.35878145300911,
        0.33221004043792657,
        0.0008688275428974266,
        0.00021919842856740014,
        2.144545317084773e-05,
        8.171808437959753e-06,
        1.1071701985292923e-05,
        0.0001063719714947457,
        0.932918245935965,
        0.2466420233375872,
        Infinity,
        0.000413311511329763,
        4.9834413874256506e-05,
        1.3171986744034617e-05,
        1.9535438795950257e-05,
        0.0019449226128937776,
        0.9568529593406437,
        0.2969312259206827,
        Infinity,
        1.568140214306719,
        Infinity,
        3.940533511729686e-05,
        7.240399770686545e-05,
        Infinity,
        Infinity,
        0.5158221980648842,
        Infinity,
        Infinity,
        Infinity,
        Infinity,
        Infinity,
        Infinity,
        Infinity,
        Infinity,
        Infinity,
        Infinity,
        Infinity,
        Infinity,
        Infinity,
        Infinity,
        Infinity,
        Infinity,
        Infinity,
        Infinity
      ]
    },
    {
      "id": 2,
      "x": 0.6996499896049,
      "y": 0.1551609933376,
      "z": 1.259979963303,
      "visibility_grid": [
        7.545411677132847,
        8.116650916567313,
        14.027753908172857,
        12.836787308982197,
        9.560626117755065,
        7.358603672161382,
        7.162689019032088,
        8.115547645303254,
        3.684148431232469,
        6.61786313019781,
        11.524275097279762,
        9.199582469702118,
        0.0003132690687372551,
        0.00018435525778326498,
        1.980756339281365,
        10.814412651238626,
        3.9592577410074536,
        6.092085286014573,
        0.0007018055456769956,
        1.4117336083057262e-05,
        1.623752352897895e-05,
        1.333610518488902e-05,
        0.00026189244652055486,
        4.9112171926965225,
        2.3099267622930135,
        0.005587121491912868,
        1.979701265401867e-06,
        2.4294028663541416e-07,
        3.3308751461685265e-07,
        5.350260969325136e-06,
        3.0120369845239988e-05,
        0.6803934085486225,
        0.33012091103613134,
        0.0004975017767139151,
        2.1343426075750339e-07,
        8.244660891774817e-08,
        9.848431282773266e-08,
        4.7591676199403694e-07,
        1.3234162483526932e-05,
        0.243991971603483,
        0.1535627819505112,
        4.707725023077675e-07,
        9.245121867823676e-08,
        5.150523337495884e-08,
        5.79175359253971e-08,
        1.3894893725181376e-07,
        1.3798354454566177e-06,
        0.013562440851852164,
        3.4406065861632645e-07,
        1.3832484153270354e-07,
        6.53286089115388e-08,
        4.606753086390133e-08,
        4.9573261213080777e-08,
        8.128706927469522e-08,
        1.9173843622922494e-07,
        4.232634086068919e-07,
        9.98154336059024e-08,
        8.113563857836085e-08,
        6.440466020272675e-08,
        5.6619178665453385e-08,
        5.824051395721557e-08,
        6.931818130857791e-08,
        8.813158360613365e-08,
        1.0363729498327812e-07
      ]
    },
    {
      "id": 3,
      "x": 0.46517598629,
      "y": 0.2271769940853,
      "z": 1.44743001461,
      "visibility_grid": [
        7.102970089725836,
        6.962121654310781,
        11.493923494677627,
        10.62420717666227,
        7.565589147352136,
        6.436932093453563,
        6.529233829742076,
        7.0714404616942055,
        4.191148693014906,
        7.570987990158611,
        9.338879202916365,
        7.879886797585216,
        0.00011635676924182458,
        7.227419878755084e-05,
        2.323547006554939,
        10.923587390321932,
        3.939207480136263,
        5.745902708641751,
        5.734816208703929,
        0.06069798316660792,
        1.17171960467778e-05,
        9.214166568542695e-06,
        9.748693585245886e-05,
        6.595525436131224,
        5.6837034170395,
        4.005406462389671,
        0.915709289814892,
        7.464222849020593e-05,
        5.002640723191577e-06,
        4.146424811433167e-06,
        2.0297151022923726e-05,
        4.8149623480106465,
        1.324507968660194,
        0.29170378953381654,
        0.08933668473942706,
        2.4353396948473957e-05,
        3.5070260330004675e-06,
        2.9934299854008162e-06,
        1.048311111465345e-05,
        0.7982933913806937,
        0.06681404437683226,
        0.04573379936358203,
        0.038137809133327163,
        1.4944351444420313e-05,
        3.434653191920892e-06,
        3.0048723867240842e-06,
        8.223018876197462e-06,
        0.008488289484848102,
        0.02160472546430937,
        0.022065117594580054,
        0.02094861291473433,
        1.3190590352998333e-05,
        4.664183077735039e-06,
        4.199907252112349e-06,
        8.883787871544523e-06,
        0.00011082906878786625,
        6.848101796274555e-05,
        7.959189115935655e-05,
        3.645530178763412e-05,
        1.598961925719406e-05,
        1.0015018430920952e-05,
        9.482501176047887e-06,
        1.3595382826682011e-05,
        2.867318998715945e-05
      ]
    },
    {
      "id": 4,
      "x": 0.5874119997025,
      "y": 0.04343109950423,
      "z": 1.556470036507,