{
  "name": "RedPolyline",
  "vertices": [
    {
      "id": 0,
      "x": 1.359150052071,
      "y": -0.409471988678,
      "z": 1.373669981956,
      "visibility_grid": [
        2.3041824812450854e-05,
        2.008724599775701e-05,
        2.2553800678095127e-05,
        3.155541696153978e-05,
        4.7865795763516574e-05,
        5.9405162941617865e-05,
        4.9385877468959366e-05,
        3.271015247038168e-05,
        1.7304134827285928e-05,
        1.2527770226499858e-05,
        1.6409648589978666e-05,
        4.211830197306502e-05,
        0.006728196708805751,
        0.002488375346069598,
        0.0009654477306688227,
        4.752447436951089e-05,
        1.797492998116288e-05,
        1.1126741171959215e-05,
        1.639856094816678e-05,
        8.681840973510216e-05,
        0.17251061280184987,
        0.004953065820180648,
        Infinity,
        0.00011516215400559054,
        2.6182939361570792e-05,
        1.3539533620405394e-05,
        2.2798943593610034e-05,
        0.5065278394534922,
        Infinity,
        Infinity,
        Infinity,
        0.07959779595049116,
        Infinity,
        5.740255116042913e-05,
        0.00011521296726632428,
        Infinity,
        Infinity,
        Infinity,
        Infinity,
        0.08652940748394002,
        Infinity,
        Infinity,
        0.002483843254592606,
        Infinity,
        Infinity,
        Infinity,
        Infinity,
        Infinity,
        Infinity,
        Infinity,
        Infinity,
        Infinity,
        0.5137878759234847,
        Infinity,
        Infinity,
        0.402472981336215,
        Infinity,
        Infinity,
        Infinity,
        Infinity,
        0.9779707325760338,
        0.5911189303390233,
        Infinity,
        Infinity
      ]
    },
    {
      "id": 1,
      "x": 1.052219986916,
      "y": -0.01273890025914,
      "z": 1.117300033569,
      "visibility_grid": [
        1.9905869269866753e-08,
        1.5779571182813336e-08,
        1.7005018733039096e-08,
        2.4549460467206656e-08,
        4.241483100073052e-08,
        6.304649199746601e-08,
        5.472206726630217e-08,
        3.2336351047794994e-08,
        1.4724825134494055e-08,
        8.690687012037461e-09,
        1.0213881588945002e-08,
        2.5748249645193417e-08,
        2.816808671853231e-07,
        0.0011027692322426721,
        1.884846340816257e-05,
        6.597949896325232e-08,
        1.50942268845843e-08,
        7.109425403570339e-09,
        8.875521348816905e-09,
        3.7955864792398894e-08,
        0.35846726616747127,
        0.33433372713019127,
        0.0006686748662843884,
        3.752315468491076e-07,
        2.163380537883811e-08,
        7.989825381987045e-09,
        1.0587799807348343e-08,
        9.453883395193121e-08,
        0.9288134126391017,
        0.2493982538719447,
        Infinity,
        0.7631605861781974,
        5.111384203391643e-08,
        1.2878729085495686e-08,
        1.8547258601108025e-08,
        1.3012026464521993e-06,
        0.9459618966197811,
        0.2988193149108088,
        Infinity,
        0.7255477573100236,
        5.296356480312791e-07,
        3.8528533942418936e-08,
        6.749222738003741e-08,
        Infinity,
        Infinity,
        0.5105794164288373,
        Infinity,
        Infinity,
        Infinity,
        2.7613008072474e-06,
        Infinity,
        Infinity,
        Infinity,
        Infinity,
        Infinity,
        Infinity,
        Infinity,
        Infinity,
        Infinity,
        Infinity,
        Infinity,
        Infinity,
        Infinity,
        Infinity
      ]
    },
    {
      "id": 2,
      "x": 0.6996499896049,
      "y": 0.1551609933376,
      "z": 1.259979963303,
      "visibility_grid": [
        9.074438958157815e-06,
        9.67454451050528e-06,
        1.2093887696436262e-05,
        1.6000011261961527e-05,
        1.8765778755648418e-05,
        1.717404554715768e-05,
        1.3198757244173243e-05,
        1.021994849394402e-05,
        6.833361148799481e-06,
        8.03620182051309e-06,
        1.5250007031559718e-05,
        4.4962595537327874e-05,
        0.0008943311382901065,
        6.465208629440851e-05,
        2.0465254325800462e-05,
        9.29557422585531e-06,
        7.1153559612145275e-06,
        9.16575397238298e-06,
        2.9026648746130516e-05,
        0.002834969710693535,
        0.09151321204014845,
        0.13419880850865187,
        5.636766569105482e-05,
        1.1629151156980789e-05,
        1.0395249406960912e-05,
        1.5073457913868705e-05,
        0.14364943403983743,
        Infinity,
        2.4893265298813856,
        0.29646512920153006,
        Infinity,
        2.186674095699131e-05,
        2.545395403101385e-05,
        4.7158383106677876e-05,
        Infinity,
        Infinity,
        Infinity,
        0.40954389233741584,
        0.5140810857127346,
        6.841304787210356e-05,
        0.00014088755628212572,
        Infinity,
        Infinity,
        Infinity,
        Infinity,
        0.926460757766254,
        0.8650969721254897,
        0.003613129130405315,
        Infinity,
        Infinity,
        Infinity,
        Infinity,
        Infinity,
        Infinity,
        Infinity,
        Infinity,
        Infinity,
        Infinity,
        Infinity,
        Infinity,
        Infinity,
        Infinity,
        Infinity,
        Infinity
      ]
    },
    {
      "id": 3,
      "x": 0.46517598629,
      "y": 0.2271769940853,
      "z": 1.44743001461,
      "visibility_grid": [
        7.080688328150239,
        6.965737596085889,
        11.507018505644139,
        10.626890085676553,
        7.565589147352136,
        6.436932093453563,
        6.526232180995138,
        7.066710330350942,
        4.189252799734749,
        7.558333313572809,
        9.392178472139948,
        7.903118591007259,
        4.2085602016201134e-07,
        4.854010480277389e-07,
        0.00011703903499666541,
        10.923948531772542,
        3.9515548420283952,
        Infinity,
        Infinity,
        9.539235077472448e-07,
        6.706848564741308e-08,
        7.29468693663922e-08,
        2.438604956678167e-06,
        6.596040560786786,
        5.679785451789777,
        3.9981048468602123,
        0.9159218861660052,
        1.981732839884857e-07,
        3.196297214142737e-08,
        3.4217089467264534e-08,
        3.1071598663088884e-07,
        4.8156684509528445,
        1.3255109964207585,
        0.3354078753355334,
        0.08895017337318961,
        1.0227902607774667e-07,
        2.385983473342417e-08,
        2.530336862382542e-08,
        1.3980455276508083e-07,
        0.8001714736001412,
        0.06674554748649508,
        0.047326945116056784,
        0.037296091134323625,
        8.019145930921783e-08,
        2.465378500484416e-08,
        2.593120169929868e-08,
        1.0092120251544487e-07,
        0.007458849559813921,
        0.019126537081811897,
        0.021482091228554833,
        2.6809615986770386e-06,
        8.65986929759259e-08,
        3.567898872952978e-08,
        3.715382977034341e-08,
        1.0130018184447952e-07,
        7.957692493057065e-06,
        9.74284791444625e-07,
        9.063688627067566e-07,
        3.196033615910975e-07,
        1.3245503951067017e-07,
        8.582489665832883e-08,
        8.773029737640188e-08,
        1.4157592275093548e-07,
        3.5478041762715853e-07
      ]
    },
    {
      "id": 4,
      "x": 0.5874119997025,
      "y": 0.04343109950423,
      "z": 1.556470036507,