{
  "name": "YellowPolyline",
  "vertices": [
    {
      "id": 0,
      "x": 0.8786039948463,
      "y": -0.1391369998455,
      "z": 5.187849998474,
      "visibility_grid": [
        Infinity,
        Infinity,
        Infinity,
        Infinity,
        Infinity,
        Infinity,
        Infinity,
        Infinity,
        Infinity,
        Infinity,
        Infinity,
        0.020720217501275767,
        0.0018278218886918697,
        Infinity,
        Infinity,
        Infinity,
        Infinity,
        Infinity,
        Infinity,
        0.005129247158951047,
        0.00040921675438131263,
        Infinity,
        Infinity,
        Infinity,
        Infinity,
        Infinity,
        0.022785842176705647,
        0.004339142131010896,
        0.00020006188324913767,
        Infinity,
        Infinity,
        Infinity,
        Infinity,
        Infinity,
        0.02167915713776738,
        0.006095741917437185,
        0.00020574149976236575,
        Infinity,
        Infinity,
        Infinity,
        Infinity,
        Infinity,
        0.04540910598608855,
        0.0016775779588380575,
        0.0002960329556566199,
        Infinity,
        Infinity,
        Infinity,
        Infinity,
        5.7090459946762575,
        0.04917431899925587,
        0.000958204987190552,
        0.0007044911367832724,
        Infinity,
        Infinity,
        1.5476588937990816,
        0.005038055694547039,
        0.0033236692558751917,
        0.0020963321248392047,
        0.0012681171224862339,
        0.0019736064107329916,
        0.004775044839900527,
        1.775349046914505,
        1.504937822621687
      ]
    },
    {
      "id": 1,
      "x": 0.8309419751167,
      "y": 0.1031540036201,
      "z": 5.22794008255,
      "visibility_grid": [
        Infinity,
        Infinity,
        Infinity,
        Infinity,
        Infinity,
        Infinity,
        Infinity,
        Infinity,
        Infinity,
        Infinity,
        Infinity,
        Infinity,
        0.0018682263754985302,
        Infinity,
        Infinity,
        Infinity,
        Infinity,
        Infinity,
        Infinity,
        0.00035536684275174624,
        0.00022572283744604348,
        0.0014799187385665055,
        Infinity,
        Infinity,
        Infinity,
        Infinity,
        Infinity,
        0.00014202303871269176,
        0.00010029926344431215,
        0.0003698139889066195,
        Infinity,
        Infinity,
        Infinity,
        Infinity,
        Infinity,
        9.611531215030251e-05,
        7.189128428852841e-05,
        0.00020355728531749924,
        Infinity,
        Infinity,
        Infinity,
        Infinity,
        0.3801283759037505,
        9.146507662972835e-05,
        7.172798863059742e-05,
        0.0002038542266172727,
        0.08249892827636335,
        1.754682248748826,
        Infinity,
        6.518551137168,
        0.0008399864880397198,
        0.0001545783131055615,
        0.00012466318478409935,
        0.0003127019554430521,
        0.15833443328469216,
        1.8356896075198974,
        1.4193868725917598,
        1.4376629002231986,
        0.0014016416550784894,
        0.0005449263472348586,
        0.0004716677924226582,
        0.0008424903345039157,
        0.004534101821191503,
        1.401385113332668
      ]
    },
    {
      "id": 2,
      "x": 0.7717400193214,
      "y": 0.1450600028038,
      "z": 5.208700180054,
      "visibility_grid": [
        Infinity,
        Infinity,
        Infinity,
        Infinity,
        Infinity,
        Infinity,
        Infinity,
        Infinity,
        Infinity,
        Infinity,
        Infinity,
        Infinity,
        Infinity,
        0.0015720703125806322,
        0.0005651783299038286,
        Infinity,
        Infinity,
        Infinity,
        Infinity,
        Infinity,
        Infinity,
        0.0006607723256537789,
        0.00024331195274374996,
        Infinity,
        Infinity,
        Infinity,
        Infinity,
        Infinity,
        Infinity,
        0.0004592995597971145,
        0.000171348478151896,
        Infinity,
        Infinity,
        Infinity,
        Infinity,
        Infinity,
        0.36806364270620623,
        0.0004466730344051135,
        0.0001684479806976351,
        0.0016381403271052886,
        Infinity,
        Infinity,
        0.31230094461035707,
        0.15247040864893663,
        0.3374072684060625,
        0.000601697328851592,
        0.0002297500338863039,
        0.000787553756315013,
        Infinity,
        3.5498460208369806,
        0.1934804643558643,
        0.10559683572817445,
        0.0037134084780901704,
        0.001073160951263002,
        0.0004970279299201402,
        0.0007614358435991723,
        0.010981910089206109,
        1.41521252215503,
        0.19441991790606375,
        0.16334521284064865,
        0.004468993482794572,
        0.002678267355365018,
        0.0026179538189161195,
        0.004166064946558751
      ]
    },
    {
      "id": 3,
      "x": 0.5449720025063,
      "y": 0.8042230010033,
      "z": 4.987659931183,
      "visibility_grid": [
        Infinity,
        Infinity,
        Infinity,
        Infinity,
        Infinity,
        Infinity,
        Infinity,
        Infinity,
        Infinity,
        Infinity,
        Infinity,
        Infinity,
        Infinity,
        Infinity,
        Infinity,
        Infinity,
        Infinity,
        Infinity,
        Infinity,
        Infinity,
        Infinity,
        Infinity,
        Infinity,
        Infinity,
        Infinity,
        Infinity,
        Infinity,
        Infinity,
        Infinity,
        1.0360716825376526,
        0.5578362611210098,
        Infinity,
        Infinity,
        Infinity,
        0.2570112690370371,
        6.52382462640745e-05,
        7.735705280243511e-05,
        0.0004672361050204404,
        0.6429628993819151,
        Infinity,
        Infinity,
        0.002040963510244952,
        0.00011409482576536751,
        5.9405024571204634e-05,
        6.75554437287639e-05,
        0.00019929523509221416,
        0.02406223127600652,
        4.880621338414916,
        0.009777175781906523,
        0.0004977518161361393,
        0.0001186874061167358,
        7.440833475440319e-05,
        8.09979885551482e-05,
        0.0001680134437294918,
        0.001145439861812285,
        0.014149403028730745,
        0.0005017040709376554,
        0.00028252290873941727,
        0.0001731891896871033,
        0.00014017350793040648,
        0.0001429359144131903,
        0.00019442984517234634,
        0.0003305669120217093,
        0.0005336531247927348
      ]
    },
    {
      "id": 4,
      "x": 0.4101229906082,
      "y": 0.9882419705391,
      "z": 4.87898015976,