{
  "name": "YellowPolyline",
  "vertices": [
    {
      "id": 0,
      "x": 0.8786039948463,
      "y": -0.1391369998455,
      "z": 5.187849998474,
      "visibility_grid": [
        Infinity,
        Infinity,
        Infinity,
        Infinity,
        Infinity,
        Infinity,
        Infinity,
        Infinity,
        Infinity,
        Infinity,
        Infinity,
        0.018585336925920036,
        0.0022693296083062054,
        Infinity,
        Infinity,
        Infinity,
        Infinity,
        Infinity,
        Infinity,
        0.005236652287329797,
        0.0015930757603214772,
        Infinity,
        Infinity,
        Infinity,
        Infinity,
        Infinity,
        0.021594708690978112,
        0.003956649217676868,
        0.0007508377516705838,
        Infinity,
        Infinity,
        Infinity,
        Infinity,
        Infinity,
        0.021757507358906768,
        0.004629502078086146,
        0.0005568071030394155,
        Infinity,
        Infinity,
        Infinity,
        Infinity,
        Infinity,
        0.048417993668759,
        0.0006893702403533703,
        0.0005720256248857277,
        Infinity,
        Infinity,
        Infinity,
        Infinity,
        5.308702067742296,
        0.04863453504201097,
        0.0008264205213963868,
        0.0007531299988838256,
        Infinity,
        Infinity,
        Infinity,
        0.005100528120758901,
        0.003613917039466874,
        0.0024596103579672284,
        0.0014580526816087235,
        0.0015684938444051712,
        1.8209158874936655,
        1.775349046914505,
        1.5067683792997073
      ]
    },
    {
      "id": 1,
      "x": 0.8309419751167,
      "y": 0.1031540036201,
      "z": 5.22794008255,
      "visibility_grid": [
        Infinity,
        Infinity,
        Infinity,
        Infinity,
        Infinity,
        Infinity,
        Infinity,
        Infinity,
        Infinity,
        Infinity,
        Infinity,
        Infinity,
        0.0005115285645397928,
        Infinity,
        Infinity,
        Infinity,
        Infinity,
        Infinity,
        Infinity,
        0.0012038830802753148,
        0.00012240063390137239,
        0.000352666674591398,
        Infinity,
        Infinity,
        Infinity,
        Infinity,
        Infinity,
        0.0003386123096418445,
        6.938743260809533e-05,
        0.00011806142595064956,
        Infinity,
        Infinity,
        Infinity,
        Infinity,
        Infinity,
        0.00013237742767504136,
        6.134719392338673e-05,
        9.664343524106676e-05,
        Infinity,
        Infinity,
        Infinity,
        Infinity,
        0.37581358583162017,
        0.00015473028075940954,
        7.449393930439654e-05,
        0.0001135105212781709,
        0.08266383243037428,
        2.914258649267866,
        Infinity,
        6.300855068923632,
        0.003844343151020257,
        0.0002632767833676415,
        0.00013392734508836315,
        0.0003476618649373101,
        0.15603882025496987,
        Infinity,
        1.4221047934698128,
        1.4400246560034595,
        0.002768337999483989,
        0.0009925921824463105,
        0.0007833588863258992,
        0.001414123874951799,
        0.06530249176065614,
        1.3919214023807387
      ]
    },
    {
      "id": 2,
      "x": 0.7717400193214,
      "y": 0.1450600028038,
      "z": 5.208700180054,
      "visibility_grid": [
        Infinity,
        Infinity,
        Infinity,
        Infinity,
        Infinity,
        Infinity,
        Infinity,
        Infinity,
        Infinity,
        Infinity,
        Infinity,
        Infinity,
        Infinity,
        0.0011321593636194334,
        0.0013014962377883546,
        Infinity,
        Infinity,
        Infinity,
        Infinity,
        Infinity,
        Infinity,
        0.00032790928744158836,
        0.00030376963567130277,
        Infinity,
        Infinity,
        Infinity,
        Infinity,
        Infinity,
        Infinity,
        0.00018830741161183928,
        0.00013668993376620035,
        Infinity,
        Infinity,
        Infinity,
        Infinity,
        Infinity,
        0.3694626073543558,
        0.00015850762662630784,
        0.000117921987392005,
        Infinity,
        Infinity,
        Infinity,
        0.30835654649556227,
        0.1521486105944962,
        0.34593293686845694,
        0.00018315271017899256,
        0.00013964212511738798,
        0.0005186657486678386,
        Infinity,
        3.4891434202935265,
        0.19132743427746274,
        0.10594232746764211,
        0.004796969613097349,
        0.0003066552302995446,
        0.00025066700697603866,
        0.0008008287617079479,
        1.3791152535377837,
        1.4207185119655796,
        0.1945328892578491,
        0.013037212566619783,
        0.004662171172710642,
        0.0013760049402332275,
        0.0012351006978336219,
        0.003340026427496249
      ]
    },
    {
      "id": 3,
      "x": 0.5449720025063,
      "y": 0.8042230010033,
      "z": 4.987659931183,
      "visibility_grid": [
        Infinity,
        Infinity,
        Infinity,
        Infinity,
        Infinity,
        Infinity,
        Infinity,
        Infinity,
        Infinity,
        Infinity,
        Infinity,
        Infinity,
        Infinity,
        Infinity,
        Infinity,
        Infinity,
        Infinity,
        Infinity,
        Infinity,
        Infinity,
        Infinity,
        Infinity,
        Infinity,
        Infinity,
        Infinity,
        Infinity,
        Infinity,
        Infinity,
        6.245988016008953e-05,
        1.0343290816440276,
        0.5644247230947853,
        Infinity,
        Infinity,
        Infinity,
        0.2558202447346967,
        3.705650338470279e-05,
        3.762230274266682e-05,
        0.0004582832573325071,
        Infinity,
        Infinity,
        Infinity,
        0.003195296381443548,
        0.0001008374123632434,
        3.38072111661645e-05,
        3.4224281425349756e-05,
        0.00019855462060577937,
        0.026145768866333977,
        4.881684505869986,
        0.01213721225395904,
        0.0016077570261859107,
        9.046397023972352e-05,
        4.243152411620862e-05,
        4.282246706387297e-05,
        9.345408242486156e-05,
        0.0010082034756879368,
        0.013587476452798487,
        0.00035494684815677314,
        0.00020168087497276612,
        0.00011153734160075293,
        8.01840257071279e-05,
        8.05393796428065e-05,
        0.00011295348275588408,
        0.0002051354726319597,
        0.0003582686139245143
      ]
    },
    {
      "id": 4,
      "x": 0.4101229906082,
      "y": 0.9882419705391,
      "z": 4.87898015976,