{
  "name": "BluePolyline",
  "vertices": [
    {
      "id": 0,
      "x": -0.657208,
      "y": 1.2409,
      "z": 2.93151,
      "visibility_grid": [
        0.001477151820571945,
        Infinity,
        0.001080884554988758,
        0.0007068858302983544,
        Infinity,
        0.00031185007269730625,
        Infinity,
        0.007078126670306494,
        0.00027785450135212053,
        Infinity,
        0.0004607610366267437,
        0.17074826224805278,
        Infinity,
        0.00019411143081283808,
        Infinity,
        0.004748744809553864,
        0.0003640807717039548,
        Infinity,
        0.0002558840257933386,
        Infinity,
        Infinity,
        0.000194404375491898,
        Infinity,
        0.0009654388156817316,
        0.0011098690023846774,
        Infinity,
        0.00019914473913082954,
        Infinity,
        0.02964097816033354,
        0.0003001746226567664,
        Infinity,
        0.004935511668173558,
        Infinity,
        Infinity,
        0.008153587844097438,
        Infinity,
        0.00886815730506541,
        0.029766642126045493,
        Infinity,
        0.008855669135491066,
        Infinity,
        1.480338748273128,
        0.009598559786189727,
        Infinity,
        0.007820674099306684,
        Infinity,
        Infinity,
        0.00842441476065378,
        Infinity,
        0.014056236489321954,
        0.012879962366264694,
        Infinity,
        0.012744281089587467,
        1.922175029121891,
        0.3813288589149865,
        0.014341736228817806,
        1.6205178610360333,
        0.013153413841794491,
        0.5634553781140347,
        0.5563827557585161,
        0.023618316213882603,
        0.671161058482119,
        0.28746832319247023,
        0.30274121643122937
      ]
    },
    {
      "id": 1,
      "x": -0.693995,
      "y": 1.19847,
      "z": 3.03879,
      "visibility_grid": [
        0.005737031225650915,
        Infinity,
        0.005153594390346095,
        0.0074460435623588716,
        Infinity,
        0.0006340383289780206,
        Infinity,
        0.0070156641798806135,
        0.002581908173659398,
        Infinity,
        0.0004967168801702873,
        0.01972151349292919,
        Infinity,
        0.0002392637232236243,
        Infinity,
        0.0024418468907399385,
        0.009609548710183907,
        Infinity,
        0.00018624837101099617,
        Infinity,
        Infinity,
        0.00022484541375194142,
        Infinity,
        0.000359436233634046,
        0.028383053852087354,
        Infinity,
        0.00013138297367469782,
        Infinity,
        0.03457875013392085,
        0.016043689115552075,
        Infinity,
        0.0001642709148510623,
        Infinity,
        Infinity,
        0.0001402926753436041,
        Infinity,
        0.0005518492303558001,
        0.03078053014019286,
        Infinity,
        0.00012590276666049266,
        Infinity,
        1.0651962092403169,
        0.00022448080053833155,
        Infinity,
        0.000234087994902978,
        Infinity,
        Infinity,
        0.00014526759467626613,
        Infinity,
        0.005438787508216832,
        0.004122246713512101,
        Infinity,
        0.00020146653330558733,
        1.717709797180408,
        0.2160474464476677,
        0.0002750895267173747,
        1.4123576697782756,
        0.0012801169832046641,
        0.5120117274183927,
        0.3919927195327659,
        0.0005090984953645808,
        0.5500696260387972,
        0.21441287305166118,
        0.2291076231370535
      ]
    },
    {
      "id": 2,
      "x": -0.640229,
      "y": 1.13182,
      "z": 2.9818,
      "visibility_grid": [
        0.013178826908870784,
        Infinity,
        0.007259747838255264,
        0.01496839058791203,
        Infinity,
        0.004726349861578095,
        Infinity,
        0.007362748250996382,
        0.009012180865154236,
        Infinity,
        5.544883588390012e-05,
        0.09188343875025767,
        Infinity,
        0.00341080573917875,
        Infinity,
        2.2000344433817272e-05,
        0.008188941634037647,
        Infinity,
        1.374295093049914e-05,
        Infinity,
        6.455759128596783e-05,
        0.0035579555632014484,
        Infinity,
        6.0483997673596325e-06,
        0.013927241159965922,
        Infinity,
        1.1689259153681324e-05,
        Infinity,
        7.283820512620658e-06,
        0.004152507232821472,
        Infinity,
        3.921160822496876e-06,
        Infinity,
        Infinity,
        1.794804369684549e-05,
        Infinity,
        3.338177631041388e-06,
        0.006350522082281937,
        Infinity,
        3.851372665918731e-06,
        Infinity,
        5.461120771858303e-06,
        5.0614656671909625e-05,
        Infinity,
        2.5368499906351005e-06,
        Infinity,
        0.5923090034992182,
        5.016427320010762e-06,
        Infinity,
        2.9818205988621524e-06,
        0.003663389236361233,
        Infinity,
        2.70449917498294e-06,
        0.936874648531165,
        0.27664690900410494,
        7.473643374247087e-06,
        1.2919910031184805,
        2.7903002605723324e-06,
        0.41478362903818466,
        0.3185848651794089,
        4.062517395504778e-06,
        0.418620687381552,
        4.970136207814356e-06,
        7.554249689150507e-06
      ]
    },
    {
      "id": 3,
      "x": -0.591398,
      "y": 1.15814,
      "z": 2.86143,
      "visibility_grid": [
        0.017433680425902487,
        0.02044243102533783,
        0.007564147596710461,
        0.0004587036596391383,
        Infinity,
        0.00020686031991083137,
        Infinity,
        0.011363502756792767,
        7.177665385213221e-05,
        Infinity,
        0.005230892293559759,
        0.00033018356934985476,
        Infinity,
        4.9914856100143484e-05,
        Infinity,
        0.022937816001024208,
        5.2166352033080016e-05,
        Infinity,
        9.642867512985037e-05,
        Infinity,
        Infinity,
        3.0414050290860195e-05,
        Infinity,
        0.003673288516508339,
        7.70400191082804e-05,
        Infinity,
        3.859206732319581e-05,
        Infinity,
        0.028493955397255848,
        2.957227920976621e-05,
        Infinity,
        0.00014668483765548686,
        0.00027694261570979176,
        Infinity,
        2.686045698938946e-05,
        Infinity,
        0.014728155271215109,
        4.357119150356303e-05,
        Infinity,
        5.213493959552141e-05,
        Infinity,
        0.8647033651233154,
        2.7980137951218025e-05,
        Infinity,
        0.0005058479332885815,
        0.00011020406933022654,
        Infinity,
        3.791718176001816e-05,
        Infinity,
        0.019948723967938776,
        4.455409787059389e-05,
        Infinity,
        0.00012489670619421123,
        1.4130982198066477,
        0.38087403583718954,
        5.0139457580751056e-05,
        1.3499726661460039,
        0.0022007802366749234,
        0.0001427426109372256,
        0.42588450121928445,
        0.00015912840596042952,
        0.4998935313262115,
        0.22814953355525794,
        0.4540346040924686
      ]
    }
  ],
  "edges": [
    {
      "vertex1": 0,
      "vertex2": 1
    },
    {
      "vertex1": 1,
      "vertex2": 2
    },
    {
      "vertex1": 2,
      "vertex2": 3
    },
    {
      "vertex1": 3,
      "vertex2": 0
    }
  ]
}