{
  "name": "GreenPolyline",
  "vertices": [
    {
      "id": 0,
      "x": 2.09792,
      "y": 0.0161036,
      "z": 2.19078,
      "visibility_grid": [
        0.07678707734373333,
        0.045089910529004684,
        0.10896439069962974,
        0.08059991682680645,
        0.03375164987530709,
        Infinity,
        0.010750458747915527,
        0.08834484588835737,
        Infinity,
        0.007829792175099451,
        Infinity,
        0.011698445849223346,
        0.018264731625261505,
        Infinity,
        0.005143327045329309,
        Infinity,
        Infinity,
        0.004788604001707281,
        0.1646891999129229,
        0.00486242679551138,
        0.058403574922509784,
        0.06725958310473706,
        0.004213770237069209,
        Infinity,
        Infinity,
        0.002743994452352202,
        0.032127972807373555,
        0.0034855718856190822,
        1.0082346570525487,
        Infinity,
        0.0019180733199961211,
        0.02144975614316809,
        0.005293482851421102,
        0.002578658332677335,
        0.02212468488240846,
        0.003340510431680009,
        0.009114960894597917,
        Infinity,
        0.001205813496323091,
        0.012060250126290441,
        0.0039020765130968636,
        0.002845932545353788,
        0.06062255886809841,
        0.0011784107134278328,
        0.006391372746608693,
        0.01041075201769054,
        0.0010810344396620798,
        0.014563038815354378,
        0.0030342836382737668,
        0.0029324039865540634,
        0.13454295043075298,
        0.0008460953323253795,
        0.005091314574228116,
        0.006819983583063056,
        0.001200792580463707,
        0.01903080204766921,
        0.001198232416415242,
        0.002145232225403322,
        0.027545743202334716,
        0.0009253126165677593,
        0.0033203910965245017,
        0.002986215027493572,
        0.001485244974327802,
        0.002003336533765639
      ]
    },
    {
      "id": 1,
      "x": 1.97127,
      "y": 0.292286,
      "z": 2.52505,
      "visibility_grid": [
        0.001353432286988785,
        0.00026003901998739346,
        Infinity,
        0.0010089606535610268,
        0.00022219979099380406,
        Infinity,
        0.00011051809562503372,
        Infinity,
        Infinity,
        7.198715296023439e-05,
        Infinity,
        0.00024046099808315764,
        0.00037393798604817467,
        Infinity,
        5.320487639434852e-05,
        Infinity,
        0.08024020036929984,
        7.548102489280097e-05,
        Infinity,
        8.538659136170978e-05,
        0.21075819662463788,
        Infinity,
        4.37117555313063e-05,
        Infinity,
        0.0007103487528013392,
        0.00015706210920111513,
        Infinity,
        5.116602750159832e-05,
        0.9749643297007007,
        Infinity,
        5.4063352483905074e-05,
        Infinity,
        0.00015196031712273297,
        0.0015540212037558644,
        Infinity,
        4.5801792207411024e-05,
        Infinity,
        Infinity,
        0.00010976807469359895,
        Infinity,
        8.349353324941962e-05,
        0.15559602366936803,
        0.16317390561731157,
        6.135331986038996e-05,
        0.774396848689586,
        0.0007540545708541175,
        0.0006198054531312816,
        0.7011041072074704,
        8.179776766525152e-05,
        0.27714188349367785,
        0.1569913329559943,
        0.000147359266530171,
        0.31157222226184533,
        0.0003350115731726999,
        0.05851472828792077,
        0.13478084738586035,
        0.00017230399058633096,
        0.16333738296053207,
        0.11391796998463424,
        0.02920372660740312,
        0.12992129651419587,
        0.0979026314788779,
        0.10174115441409518,
        0.09812081863625916
      ]
    },
    {
      "id": 2,
      "x": 1.83196,
      "y": 0.704518,
      "z": 2.65416,
      "visibility_grid": [
        0.01882189676297445,
        7.844817683456534e-11,
        Infinity,
        3.9073002986749594e-10,
        9.94745633950734e-11,
        Infinity,
        1.4428890620735642e-11,
        Infinity,
        Infinity,
        1.1812405752912972e-11,
        Infinity,
        2.1605256700341137e-11,
        6.712347216073024e-10,
        Infinity,
        5.615152490366855e-12,
        Infinity,
        4.775660691149816e-10,
        1.0745958246330735e-11,
        Infinity,
        7.030776460980992e-12,
        0.20985132423328567,
        Infinity,
        3.890799221610753e-12,
        Infinity,
        2.67926002190781e-11,
        2.425874997340696e-11,
        Infinity,
        3.5093901412152538e-12,
        Infinity,
        Infinity,
        4.388681278801853e-12,
        Infinity,
        7.2242006157001e-12,
        6.97722104127093e-10,
        Infinity,
        2.8420419467617545e-12,
        Infinity,
        9.780440992458077e-11,
        7.870389784555694e-12,
        Infinity,
        3.779201091186294e-12,
        0.18602483134364844,
        Infinity,
        3.3579993670062102e-12,
        Infinity,
        1.7172149720606243e-11,
        2.7506613457504285e-11,
        2.8261170316845745,
        3.3323805694588285e-12,
        0.5213252591301485,
        2.375250618029868,
        5.939727561709838e-12,
        1.1788134279953382,
        7.761602354044194e-12,
        0.029842530760709557,
        0.7549372388493073,
        4.963160075115736e-12,
        0.6324193864623112,
        1.09139036111185e-10,
        2.7778397169564486e-11,
        0.7047949694074173,
        2.605916553997549e-11,
        0.18722842276958737,
        4.672058545270368e-09
      ]
    },
    {
      "id": 3,
      "x": 1.78961,
      "y": 1.11065,
      "z": 2.69233,
      "visibility_grid": [
        0.0032019023335967357,
        5.373564078305587e-05,
        Infinity,
        8.569417235578673e-05,
        0.00012537195185557186,
        Infinity,
        1.0687648893351067e-05,
        Infinity,
        Infinity,
        1.2366768562616254e-05,
        Infinity,
        1.2271818611896724e-05,
        0.1734825438547313,
        Infinity,
        5.442146672812581e-06,
        Infinity,
        8.831338692741423e-05,
        1.8581143389797842e-05,
        Infinity,
        5.3864066919673e-06,
        0.6080555724268424,
        Infinity,
        5.307319187797924e-06,
        Infinity,
        1.3536083327388377e-05,
        0.00017883986688979888,
        Infinity,
        3.93655631495572e-06,
        Infinity,
        0.042297980229333586,
        8.574166187480818e-06,
        Infinity,
        6.095890373829639e-06,
        0.08905129624226181,
        Infinity,
        4.249382665368503e-06,
        Infinity,
        3.398060998568086e-05,
        2.97683358574884e-05,
        Infinity,
        4.660742203682451e-06,
        0.7612623365525129,
        Infinity,
        6.961225153465005e-06,
        Infinity,
        1.1840866939521263e-05,
        0.04820976299597358,
        Infinity,
        5.5837592540013015e-06,
        Infinity,
        0.00045222818086850344,
        2.162568016695944e-05,
        3.9172608051579134,
        1.0309492251727734e-05,
        0.14261950596039377,
        2.611608768050722,
        1.2733557544125682e-05,
        1.2909515100917344,
        7.627115187383536e-05,
        0.0004670482100680272,
        1.7674980188733984,
        3.9399149612684194e-05,
        0.7554230885802329,
        0.16956012439730994
      ]
    },
    {
      "id": 4,
      "x": 1.54526,
      "y": 1.34361,
      "z": 2.79223,