{
  "name": "RedPolyline",
  "vertices": [
    {
      "id": 0,
      "x": 1.35915,
      "y": -0.409472,
      "z": 1.37367,
      "visibility_grid": [
        0.0001556796265728271,
        0.0002728763575373756,
        9.835867624640807e-05,
        0.0003255452124878298,
        0.0002521019999694677,
        9.892814640804591e-05,
        Infinity,
        0.00011248272424006398,
        0.00027335747623730356,
        0.0023568378580761853,
        8.206840236015127e-05,
        Infinity,
        0.0002847461820214487,
        0.0001525514966362727,
        Infinity,
        0.00010137011213472322,
        Infinity,
        Infinity,
        0.00010571538923207337,
        Infinity,
        0.0002435130213088891,
        0.0005374289325082773,
        Infinity,
        0.00011210917721246029,
        Infinity,
        0.3040422114942635,
        0.00021770121334614698,
        Infinity,
        0.00022591051477620597,
        0.0650611952711341,
        1.8438988663522136,
        0.00017304647351249375,
        Infinity,
        0.13703103696338859,
        0.0014221127998529513,
        Infinity,
        0.0002839189357992611,
        0.21196649278256816,
        0.1923145880677495,
        0.0005196159048738735,
        Infinity,
        0.011395208101762106,
        0.06847648797615798,
        Infinity,
        0.0006810746219841447,
        Infinity,
        Infinity,
        Infinity,
        Infinity,
        0.002098747656663311,
        Infinity,
        Infinity,
        0.0017859312817819937,
        Infinity,
        0.005652438846302264,
        Infinity,
        Infinity,
        0.002858538311141989,
        Infinity,
        Infinity,
        Infinity,
        Infinity,
        Infinity,
        Infinity
      ]
    },
    {
      "id": 1,
      "x": 1.04201,
      "y": -0.056473,
      "z": 1.15671,
      "visibility_grid": [
        6.255869523244276e-06,
        0.001539000794066475,
        1.511664724793839e-06,
        2.0995973113134894e-05,
        0.0017840632120234992,
        9.134230271253406e-07,
        0.003351546903616431,
        2.1493391644131243e-06,
        2.4426632432451064e-06,
        0.004445381559504951,
        1.0500644687932072e-06,
        Infinity,
        0.0004526454926167161,
        1.070930331273813e-06,
        Infinity,
        2.084101702737984e-06,
        2.8319706032398118e-05,
        Infinity,
        1.1611148795022235e-06,
        Infinity,
        1.503511063052741e-05,
        1.935448322394869e-06,
        Infinity,
        2.1372457338688837e-06,
        Infinity,
        1.3631470569850985,
        1.7058600087945531e-06,
        Infinity,
        1.432164125182025e-05,
        8.26449794827995e-06,
        Infinity,
        2.7039615184966203e-06,
        Infinity,
        0.2799551616273762,
        4.279230221214263e-06,
        Infinity,
        1.583132389204464e-05,
        Infinity,
        1.8198576101506219,
        5.560840296812607e-06,
        Infinity,
        0.21482852232848815,
        9.089346565059665e-05,
        1.676755985893652,
        4.103374567362353e-05,
        Infinity,
        0.26351625075768365,
        6.917153047735401e-05,
        Infinity,
        0.24483057407244668,
        Infinity,
        0.4404748994758636,
        0.11066747621154595,
        0.5096161719157782,
        0.25289552591801223,
        Infinity,
        0.29284719910562484,
        Infinity,
        Infinity,
        0.18914879944521534,
        Infinity,
        0.25260005107671263,
        0.18968209816241982,
        Infinity
      ]
    },
    {
      "id": 2,
      "x": 0.957097,
      "y": 0.074838,
      "z": 1.07251,
      "visibility_grid": [
        3.249631178937114e-06,
        9.02239724654518e-06,
        1.6086974899811014e-06,
        7.379432246625843e-06,
        8.848550343727058e-06,
        1.2953754851734457e-06,
        Infinity,
        1.969142000151796e-06,
        3.6895728534468204e-06,
        Infinity,
        1.003148216256585e-06,
        Infinity,
        8.96682079264549e-06,
        1.5664457472472241e-06,
        Infinity,
        1.350340931077631e-06,
        4.214697609332544e-05,
        Infinity,
        1.0321742024301168e-06,
        Infinity,
        4.640614234847741e-06,
        3.967672796065318e-06,
        Infinity,
        1.1578044018607489e-06,
        Infinity,
        Infinity,
        1.60124572742304e-06,
        Infinity,
        2.7926787103106964e-06,
        0.00012042575169150507,
        Infinity,
        1.3498200320045657e-06,
        Infinity,
        0.00017684348556186135,
        4.914013310256583e-06,
        Infinity,
        2.390313060497023e-06,
        Infinity,
        2.190476429453146,
        2.471300347321663e-06,
        Infinity,
        2.4844262525335334e-05,
        Infinity,
        2.6487361927784465,
        3.3168350177609215e-06,
        Infinity,
        0.7401218011721787,
        1.2859314274105471e-05,
        Infinity,
        2.2672207363239632e-05,
        1.0054864567911863,
        0.7389541406170808,
        1.3000910934506994e-05,
        0.7867464526019985,
        0.29726461708791696,
        Infinity,
        0.7288976338713882,
        Infinity,
        Infinity,
        0.3038487827633553,
        Infinity,
        0.4341357763092582,
        0.3116753129521727,
        0.34125856587390846
      ]
    },
    {
      "id": 3,
      "x": 0.779443,
      "y": 0.124142,
      "z": 1.194797,
      "visibility_grid": [
        0.0,
        0.0,
        0.0,
        0.0,
        0.0,
        0.0,
        0.0,
        0.0,
        0.0,
        0.0,
        0.0,
        0.0,
        0.0,
        0.0,
        0.0,
        0.0,
        0.0,
        0.0,
        0.0,
        0.0,
        0.0,
        0.0,
        0.0,
        0.0,
        0.0,
        0.0,
        0.0,
        0.0,
        0.0,
        0.0,
        0.0,
        0.0,
        0.0,
        0.0,
        0.0,
        0.0,
        0.0,
        0.0,
        0.0,
        0.0,
        0.0,
        0.0,
        0.0,
        0.0,
        0.0,
        0.0,
        0.0,
        0.0,
        0.0,
        0.0,
        0.0,
        0.0,
        0.0,
        0.0,
        0.0,
        0.0,
        0.0,
        0.0,
        0.0,
        0.0,
        0.0,
        0.0,
        0.0,
        0.0
      ]
    },
    {
      "id": 4,
      "x": 0.497258,
      "y": 0.189861,
      "z": 1.46525,